"areaMin","area1Q","areaMedian","areaMean","area3Q","areaMax","areaSD","periMin","peri1Q","periMedian","periMean","peri3Q","periMax","periSD","rMeanMin","rMean1Q","rMeanMedian","rMeanMean","rMean3Q","rMeanMax","rMeanSD","rMinMin","rMin1Q","rMinMedian","rMinMean","rMin3Q","rMinMax","rMinSD","rMaxMin","rMax1Q","rMaxMedian","rMaxMean","rMax3Q","rMaxMax","rMaxSD","centroidMin","centroid1Q","centroidMedian","centroidMean","centroid3Q","centroidMax","centroidSD","compactMin","compact1Q","compactMedian","compactMean","compact3Q","compactMax","compactSD","sphericityMin","sphericity1Q","sphericityMedian","sphericityMean","sphericity3Q","sphericityMax","sphericitySD","convexityMin","convexity1Q","convexityMedian","convexityMean","convexity3Q","convexityMax","convexitySD","solidityMin","solidity1Q","solidityMedian","solidityMean","solidity3Q","solidityMax","soliditySD","roundnessMin","roundness1Q","roundnessMedian","roundnessMean","roundness3Q","roundnessMax","roundnessSD","surface.area","volume","SA_to_V"
46.0056416024,762.8696689592,1127.4815449424,953.446634782982,1190.6534707248,1266.1851211168,349.413593471786,32.9792058947378,113.970994863161,137.408594863161,123.451703402874,140.723172042109,146.097163452635,29.1548118754029,3.36163696815549,13.4393300653634,16.3125401450082,14.6149085643218,16.7438185042672,17.3103812877394,3.47653301100931,2.33770242069211,10.7901781363829,12.1930056899479,10.9972658365752,12.4145654389704,12.9659945867388,2.5197231610486,4.4118989797716,16.8138584960374,20.00077853156,18.2660776913985,21.1657700064085,22.3772122462808,4.51211048744084,6.66013677599792,23.9303595747118,28.8446133402755,25.927556182888,29.6360738796488,30.4689903836671,5.927452879716,0.531545649180426,0.725404278801117,0.758614018754775,0.743363245077342,0.787871911227263,0.828037228473751,0.0597930477275067,0.529863088753935,0.57365490379239,0.607981556535253,0.605214755029734,0.630366589849545,0.699803289489454,0.0432554246441842,0.81446595550436,0.897137281085834,0.927822219075865,0.913428727367317,0.936633496502876,0.948919705493994,0.0333070593812189,0.893333333333333,0.95873573309921,0.965291421087099,0.961592649673296,0.968333333333333,0.976899696048632,0.0139786401928949,0.801299176623788,0.88416468764974,0.897667224756962,0.889410650168968,0.90468496809085,0.920604077541615,0.0253188176873686,10184.7655307371,83871.031246644,0.121433650920378
43.9456875008,501.9421494232,1271.6783320544,1099.45368459033,1619.1239238576,1759.2008027664,578.230846362045,32.2927344842116,93.6814061473708,145.008566400004,126.020359407978,157.815963452635,166.386752168425,40.7469205155144,3.27340486755974,11.0527514305373,17.4280901053366,15.2588702674541,19.4072802547338,20.2774948514574,5.11837631570941,1.81796589626979,9.04548510480505,13.846005706925,12.5140926851422,16.4609655524909,17.6212081425881,4.65324168582364,4.20773097999384,14.2404407835245,21.0625544940318,18.3394515096345,22.3111684395241,24.6429456499964,5.84419646640124,6.51845337292521,19.6258956801976,30.4612009878961,26.9306660558753,34.0475311146051,35.4654596491431,8.70379457315454,0.529561597492398,0.718940479504292,0.79097235801965,0.770834097522233,0.821093543515323,0.867352632464593,0.0711197822583256,0.432053737492612,0.617589037925537,0.67874678540087,0.665397706257017,0.712421882710366,0.809380428243009,0.094714405869519,0.805385544973771,0.906799591130038,0.92821616406325,0.920317671355759,0.940704763236783,0.967894905128808,0.0302266645245623,0.914285714285714,0.961578400830737,0.970798182998053,0.965547985910977,0.974368783473604,0.983455882352941,0.0156004850155339,0.809613815448041,0.891715066536189,0.91812033580188,0.907795329056063,0.935520845327561,0.956239458975729,0.039632478730191,10396.6796511582,95956.095309364,0.108348298434186
225.2216484416,936.5924648608,1612.2574101856,1398.91483039656,1833.7024761076,2182.8646963288,588.279130950576,58.9271317894757,124.115789221056,155.722052294742,144.354397776846,169.210868800005,185.303398063163,34.955666956751,7.39547830972471,14.8914309510348,19.400958475762,17.6298929468263,20.6597253900414,22.7613006829496,4.35402081777689,5.31101836748596,11.7788946559748,16.2521540842131,14.4905581202262,18.1504758543337,18.9941852154811,4.22663492721336,9.12013103652884,18.520482241575,22.8868370408412,21.2080880512287,24.3208696074028,28.358306836328,4.98177232233287,13.4546402311619,26.3084191469412,33.9528495685507,30.8510303034011,36.1284125184516,39.2331771272733,7.33495030067256,0.675138267419573,0.759207369036833,0.808489276280056,0.792586068862516,0.822099760339188,0.867238774185098,0.0436465736414022,0.464170648042588,0.624033192974625,0.675847629671919,0.674828224296218,0.756516457922388,0.805469181604729,0.0845684030330034,0.885270803283269,0.920991234453765,0.931056167936343,0.92921637968489,0.939635378525049,0.975068082484258,0.0207761145143587,0.944827586206897,0.966897959435757,0.974328352062432,0.97117879304489,0.9773049606447,0.981566820276498,0.00845811139777989,0.829997299007607,0.905229226923622,0.919619956434111,0.917482481005093,0.94368555320038,0.947028161437343,0.0299050343655407,14435.4397776846,147049.823542716,0.0981669982996704
138.7035761744,792.3956777488,1295.7111299064,1104.63478127011,1481.1069990504,1577.9248418256,450.591033302537,47.3261116631592,113.284523452635,142.262680757899,128.891998331104,150.833469473689,163.64086652632,30.8775057179335,5.72434478092502,14.0659577935441,17.5058440417994,15.7801603090083,18.6174606945165,19.3315630361794,3.86880561599471,4.67656307714682,10.3319772108934,13.5763623964598,12.4586187868277,15.3868184815207,15.9602665936183,3.42838253918742,6.88474066172709,17.5697890923648,21.4387266092988,19.5325044737005,22.7929908676397,24.1045433253946,4.58483815858021,10.8030124560236,24.2798221909675,30.5952023403997,27.6121802498294,32.6023328824028,33.7297103363637,6.54811719678523,0.675230459821238,0.755964448444838,0.791718072640726,0.784572759438865,0.81944075557251,0.851252668126907,0.0468715158611233,0.482337748353918,0.609070150964589,0.645966978885619,0.634870178457681,0.679264958104271,0.744459635335604,0.0723423929487142,0.871546350976984,0.928116083767833,0.932600842001077,0.934014449737931,0.947011391684931,0.96600631047614,0.0194895718297459,0.948019801980198,0.965954991344489,0.972423146473779,0.969710827250124,0.974449339207048,0.979820627802691,0.00795121183344533,0.800732231964268,0.888579056212551,0.907966156688838,0.898794664844968,0.918048842782017,0.937568884448874,0.0347684796973533,10633.5898623161,96515.716173632,0.110174697799333
13.733027344,1050.0616032906,1572.431630888,1411.04836396755,1898.4193674662,2171.8782744536,604.3320892466,27.3208687157903,128.501714989478,155.898722105267,148.834830196908,178.40209444211,204.053478063163,41.7560013579218,2.06163289254906,15.72206712322,19.1695803969573,17.545833026559,21.1474868301036,22.6383013928702,4.93120581713197,0.451753951452649,12.7419991598577,15.1580930712947,13.7581179541822,15.9497760131637,18.2643493253596,3.93194106370922,3.51382110749968,19.2754445303366,22.0414491975316,21.3854622802354,25.9285880817668,29.1379765767973,6.21037622851251,4.22788363132194,27.732439741245,33.5341750706955,30.7723193643096,36.7704829815379,39.2708941202005,8.33249189144304,0.231199632815225,0.708822326141098,0.7453198797273,0.73370744697721,0.789253584510805,0.826137177471591,0.102326173922885,0.128564869306651,0.581877243965084,0.664685387330449,0.638992005214611,0.706222742160968,0.838708116443936,0.126509771122143,0.646446609406726,0.891569157836815,0.908131071532782,0.90010751883212,0.924136467728827,0.940831032318513,0.050752441159962,0.869565217391304,0.957162156508894,0.965708607129941,0.961799682356841,0.972740856798828,0.978627209206741,0.0186227350835066,0.553250501340231,0.887274555075402,0.909159186062039,0.897238617449957,0.921539790935078,0.954464460484786,0.0660230913811552,12650.9605667372,126268.319914408,0.100191089699401
85.8314209,821.5783608548,1505.1397969024,1273.67943032453,1775.3371098956,1883.4847002296,579.0640480258,40.2948316631592,112.51476909474,154.099260631582,133.656030243612,159.698707873688,167.073223578951,35.8497042408313,4.5536827273642,13.9971258309439,18.9045846370169,16.6946661191856,20.2764460752001,21.0417852731645,4.64387870756477,3.56056745527544,9.94691481395025,15.1904208386617,13.4706999071555,17.3333364128031,18.2407034952054,4.41409060115259,5.59859868808554,17.699254800269,22.5355293083822,20.2381326309115,23.867520821439,25.7608460500898,5.24172029022402,8.70176436850596,24.6412841739271,32.8783565301704,29.2287316225412,35.4488360576261,36.5413133059692,7.84533159974048,0.664289632601756,0.800792730664467,0.837107260784314,0.82324755222157,0.855364267834511,0.887300513038897,0.0518833372962341,0.458877519466722,0.610371760598798,0.654289125583066,0.654632648316949,0.719425806786537,0.776513137426225,0.0818256738671032,0.872654928318108,0.95036064423162,0.957443253163879,0.951522428299984,0.961837065169711,0.968877409931804,0.0187151383610805,0.932835820895522,0.971278764587337,0.975290697674419,0.973570463589469,0.980327791119201,0.987232289950577,0.0114525327427367,0.81075542477358,0.890441831599533,0.9102342320549,0.908304096542996,0.934611130603226,0.952390087141325,0.0322470603020999,11694.9026463161,117565.013835148,0.0994760453370499
55.6187607432,1070.4894814648,1597.8377314744,1340.80123635253,1758.5141513992,1829.2392422208,527.858930663994,27.6052144842116,129.28871781053,152.324192168425,136.206145735251,158.95334652632,163.925212294742,35.2377847643187,3.65270731946212,15.9260959577593,19.3223103014424,17.1367737655313,20.1848324022825,20.6194612900985,4.48590372906944,3.20145396331486,11.7851259526774,14.5063980330677,13.4953890296379,15.430418522013,18.606368438074,3.73477996169686,4.26575619325308,19.5914380392161,22.3216660559463,20.1345316142478,22.8445726108398,25.5467602206377,5.23069914232702,7.09602111221493,28.1019697374579,33.7173163504304,30.1213942346438,35.2649569331936,36.1469710435743,7.62141866365272,0.726016277017851,0.834979117758262,0.859173605479526,0.848476565736317,0.872018441082435,0.917168056147642,0.0378217235644166,0.5125910928284,0.59080909967361,0.687754549354982,0.676039391246134,0.750329179334127,0.833556437563378,0.0890272243624108,0.897857172029897,0.952576112276057,0.957237838201217,0.955588114106479,0.961178633295551,1,0.0155911305483619,0.959921798631476,0.974233128834356,0.977854142802596,0.977054753207891,0.980413895048041,1,0.00669347009486585,0.857392796025767,0.916586972768219,0.935873638865624,0.928772706271365,0.939084978634671,0.961036453022039,0.0233230659854276,11237.0070231582,116377.106969892,0.0965568513923048
98.1911455096,556.187607432,663.9918720824,625.069581425853,725.7904951304,931.0992539232,202.422583454236,45.9531688421067,98.7954448000028,106.65536909474,102.752880531859,112.313706273687,124.885543578951,20.0679752790338,4.83232592429113,11.5156296814866,12.5652114007983,11.9366814735,13.1596928155877,14.8638203563209,2.3928667665757,2.8131177781449,8.1694398532705,9.8519524113807,8.961638186133,10.3741506431241,11.2372700190055,2.05641458268593,6.4516129032258,14.2595143299672,14.5834559025562,14.6268243796804,16.3225222995757,17.8718355287108,2.79435417254073,9.28182868566319,20.6374408817447,22.3995587986683,21.3774170123501,23.3572538181081,26.1208878342602,4.03486561869419,0.584320685315754,0.682846769504653,0.722291824133504,0.714771083033491,0.742621368031212,0.80837689619818,0.0516069657560705,0.43603325561246,0.576817491435801,0.594830535209483,0.60782077704457,0.647156117342611,0.736984723698138,0.0716545184993945,0.853597588319435,0.889777113357137,0.897103650712685,0.903199663188668,0.916016927962298,0.944742350720981,0.0235609398452554,0.89375,0.943945836895709,0.947761194029851,0.942513480392203,0.955324440263942,0.966743119266055,0.021395676830575,0.801945587389228,0.861532764984472,0.874061465996079,0.874903277118565,0.894574416734605,0.907682636708408,0.025783862630677,4880.7618252633,32111.251187108,0.151995379962735
133.2103652368,1191.6834477756,2209.9874253332,1890.2653824807,2550.909829148,3042.5522080632,886.704245546166,46.3552944842116,133.201431494741,177.869992421058,159.499283221057,192.932814568426,212.50648690527,46.1999232477747,5.62347952035815,16.7221836569977,22.6969089152458,20.1718297965185,24.3527247905903,26.6158322454345,5.85813393452118,4.01079857264254,13.8772667042068,19.5802552814712,17.5103583947746,21.6430651149574,23.1658264931084,5.35565550838123,6.97251152419393,18.9864252817145,25.6420968750093,23.0668604703989,27.6241120762723,30.5795110736088,6.58429930619001,10.6052205599412,29.4559247910441,39.4773240867565,35.1813490892403,42.1436298604879,45.8331510413042,9.80846573585398,0.779021052422706,0.843985875956682,0.859001108938255,0.860179507974191,0.877941144709616,0.901970729375851,0.0248907097260969,0.575230110230074,0.715125239897264,0.741582431857985,0.752438773777995,0.803364359071823,0.853679080323897,0.0578660108768823,0.935141279435893,0.948073074551332,0.953896391740962,0.953486177398886,0.958241720319648,0.974484414756543,0.00879903282497023,0.955056179775281,0.977630727990395,0.98011517713552,0.979118550234919,0.982945695107064,0.986494597839136,0.00616046222918947,0.882306754089378,0.937237026768457,0.94869178396653,0.94599099488577,0.957399733168169,0.968010366422907,0.017149939042436,15949.9283221057,197120.44123894,0.0809146338241603
399.6310957104,1932.065284459,2602.7520073716,2317.66907366803,2964.1022893606,3149.6698213464,825.818569493393,83.6198947368446,169.269758736847,203.072556968428,187.112803359404,216.821326231586,231.25656690527,41.4399408030987,9.70851549748343,21.1923202565039,24.6714169936014,22.7512662284609,26.3040606680377,27.0762696144468,4.85733514082945,7.57775783415539,17.4601592024137,20.4973902464976,18.3153392740972,20.8735554532813,21.5857507786549,4.16685265011854,11.9138430060335,23.4849669365797,27.8543304745196,25.8028302042806,29.4686157035592,30.7917499355834,5.18328809078576,17.6442160317482,36.9856751615641,42.633210659004,39.4561765033226,45.1894172489381,46.5451309886437,8.05166560450394,0.609750498278021,0.767168339544041,0.810660045299315,0.800597445579863,0.839416557129559,0.879230464139569,0.0604296342190187,0.333176664204182,0.674123746787859,0.71739166860063,0.712062140529769,0.778843881757907,0.853136066030028,0.101373117058305,0.864016805626094,0.915418174461708,0.927864420036045,0.926006657856933,0.94547949787331,0.960976829379027,0.0244055029058346,0.901275820170109,0.965154213958553,0.972478029878076,0.968613553051155,0.976956111084686,0.980815347721823,0.0149581884181098,0.81678505780299,0.928719377863166,0.934205882133086,0.932028416650081,0.952187989846109,0.963327595187518,0.0298044367150326,13097.8962351583,168648.442297992,0.0776639028305702
97.5044941424,935.2191621264,1563.5051631144,1375.91643960418,1982.3624971064,2066.820615272,651.594025252617,36.6959087157903,116.314754863161,151.637720757899,136.116248442788,170.613256589478,174.957540884215,41.2912997386259,4.78042900807252,14.7472652584776,19.0564031269574,17.175571249052,21.4889255064776,21.94323309621,5.19376167843902,3.82082640496744,12.738145642884,16.2113648242686,14.5981714179041,18.5273698614229,19.0245796628377,4.61396232707635,5.48025211694739,17.4299706207443,22.2995740946122,20.0929067695105,24.9933446465573,25.5977257074604,5.95812072713949,9.19238815542512,26.2144035316565,33.4991546068703,30.2108975666669,37.4911147780118,38.2315110543646,8.8063404815927,0.742294181431666,0.844899940698106,0.859228120126556,0.855732802061226,0.868224003368736,0.909911604823534,0.0285610837921041,0.511443948028257,0.695700943954184,0.740791970573015,0.721544781466388,0.758992655695222,0.792817830872208,0.0620433600533917,0.931731256906556,0.952144533677662,0.957435122123443,0.957334332761311,0.961326203647086,0.994310939412396,0.0118431471266804,0.960591133004926,0.976494948874897,0.978604344963792,0.977873551042171,0.980805512977959,0.993006993006993,0.00589827264318008,0.842708005011393,0.926042638208369,0.942100153121273,0.933617497731793,0.948498720761538,0.955922821034367,0.0235465155677374,10549.0092543161,112051.203356532,0.094144542301349
272.6005927784,1143.274526388,1725.5548857736,1630.93432737344,2185.9546274812,2572.8826728984,677.431719075426,65.9584117894757,131.004896336846,156.60958652632,150.829626028275,178.213228126321,195.247129600006,35.0686798519996,8.00458313905839,16.3968059517459,20.0574562964103,19.0479565157634,22.5927030908635,24.5353367588064,4.46284864438152,6.77451619784047,13.4630489926431,16.6958133259523,15.4903869819036,18.2092279631944,19.3272492374141,3.56825803958699,9.31713278491966,19.5905547981545,22.7837998140433,22.4524191042635,26.5384932230609,29.3465562059475,5.02655499203959,14.726742787358,28.8666523155918,35.0164860726344,33.2828593974057,39.2542298245926,42.4809700042266,7.51299718015827,0.787401577330706,0.838715037616583,0.848126299621656,0.851799142664658,0.870079440512242,0.900601870618424,0.0255649652045321,0.554707898724559,0.644494565255682,0.688611040901772,0.692044232121359,0.729948148144388,0.87157791360354,0.07514079075338,0.926296606909535,0.954084614098037,0.95786092513932,0.955736642748999,0.960804166793487,0.964430625721802,0.00834438105458237,0.952038369304556,0.97266710605811,0.977165883143049,0.976903936935385,0.982770936411404,0.985187861271676,0.00711281222735427,0.878521645370993,0.923953480247609,0.933242949750301,0.932390306711495,0.942847384542933,0.968709605381979,0.0198426644891531,13197.5922774741,149442.803557408,0.0883119960500758
212.1752724648,1113.0618662312,1426.518215358,1375.11473106344,1772.5905044268,2156.085293008,545.480201318489,56.2990260210543,127.986861431583,144.003252294742,139.001709047958,161.7774631579,180.213752421058,31.9487166753023,7.06832209653818,16.142422390458,18.2425558198436,17.5076693329866,20.3966054627798,22.4980138558957,4.0635304532422,5.41732519372894,12.4162332886123,15.0055034959192,14.3938428783301,16.79111076942,18.9052852127689,3.46664384043995,8.54149684494299,18.1347633342644,20.6228793982161,20.4707559415913,24.0287021077757,27.8586308638717,5.02116536251573,13.1202372310869,28.507870300347,32.0237315278456,30.7341294278834,35.5027704431471,39.0987831492235,6.83489409948047,0.769623026957969,0.837431324945629,0.849091861999838,0.847709855023863,0.861101591669096,0.884430440963882,0.0216109151644347,0.584309855239256,0.643031568775201,0.704424254089977,0.706553555932544,0.761920984129675,0.867812111012399,0.079827284377451,0.912955359075152,0.948005073523718,0.954192052353091,0.952747984876722,0.95996992602296,0.969346924560523,0.0110603516205015,0.960159362549801,0.976239515432464,0.978662321702967,0.977029050329966,0.981031688196017,0.986721144024515,0.0063989671303772,0.902583022987447,0.919626880846951,0.92928152990502,0.933893424260502,0.953929395047204,0.967382985602727,0.0192200720575093,12510.1538143162,130075.801745532,0.0961758731942307
142.8234843776,1149.4543886928,1751.6476377272,1480.4424977273,1860.4818794284,1974.8093320672,523.312573988887,60.7854832000019,137.776223578951,166.553318063163,151.800138205777,172.898126652637,179.360715115794,31.5045875512138,5.95132481782424,16.6247312995908,20.5049219318944,18.395889228229,20.9757646669955,21.7611336257929,3.98024623851145,2.31097922967734,11.9111912324108,15.2728535179912,14.026487991529,16.5652250992936,18.0374405890865,3.7285219888811,8.54052837943885,20.9649780921556,24.6149875859036,23.0238206341656,26.0143948488558,28.2589632153216,4.79875126463601,11.0272212898354,29.0076796972603,35.3819836304439,31.9642050140656,36.4177395699384,37.5078637588173,6.67655108665714,0.48574656862169,0.762597891432749,0.77498971823294,0.766049676749538,0.79551462277963,0.813626742200504,0.0581028836561022,0.27058972548361,0.554377054503761,0.586997909273663,0.599127486369633,0.653510549521463,0.742552510980347,0.0840005659943154,0.821430376935012,0.914036061032438,0.932754309762738,0.926484183368273,0.941607500349214,0.954303245098148,0.0259302610034117,0.842105263157895,0.968757283527691,0.971618134906008,0.967449944352074,0.975487561253102,0.98077662437524,0.0240380453116267,0.719893451211513,0.875693051921591,0.888967243037177,0.890934277144907,0.916908195077024,0.94328769164153,0.0395464151005271,11764.5107109477,120651.511730712,0.097508191502859
127.030502932,958.5653086112,1592.3445205368,1382.34055104396,1882.1113974952,2037.2946064824,607.666276343456,42.6385916631592,116.716880505266,157.296057936846,142.380140699862,169.701329347373,181.302349473689,39.1201240227057,5.46701417896058,14.9287691838142,19.2325894689514,17.3635781774598,20.9391576244558,21.8148213955784,4.74899479535383,4.39325942870535,12.8421225194017,17.2297139294834,15.045725841861,18.414905848156,19.4035355639845,4.4801862962279,6.44911241866303,17.0778366652597,21.7582353280281,20.0117567308052,23.2159962950372,26.2051284560189,5.28381348866548,10.3328397899609,26.5300905223672,33.703469081461,30.4794379626937,36.501016681046,38.011485723068,8.027486931323,0.662967348697531,0.778718567854993,0.794249216650331,0.799655705300477,0.833088651334464,0.884227928687146,0.0480887474564098,0.582471787564828,0.681219235067408,0.766611076007206,0.743899422155439,0.810137769485315,0.863269311277929,0.0747685679970343,0.872257966326016,0.911994607577848,0.920870885103134,0.925378160770307,0.944323838918414,0.98205410606948,0.0243409851300211,0.95906432748538,0.97,0.973684210526316,0.972858319517436,0.976992604765818,0.981715893108298,0.00550456368314774,0.871369291737552,0.924812893935555,0.940257638504153,0.933013728793054,0.948670146148255,0.957802404938179,0.0217471292088652,13170.1630147372,134470.370495612,0.0979410034061515
21.9728437504,986.7180146664,1689.162363312,1539.45380711734,2183.551347696,2535.8034990696,779.935818222412,33.1802687157903,129.28871781053,162.670049347373,150.84008962504,187.931503831584,211.369103831584,49.3256987609286,2.48600170305013,15.3019148431373,19.8475320967662,18.0915374470671,22.6847308388488,24.5525218477734,6.0635603413843,1.30052221230219,12.5813426288742,17.0377957426726,14.4356974355097,17.8202688944661,18.5749744265023,4.88093776306645,3.75976095904191,18.4177430557657,23.091088045119,22.2270855617962,29.0644242117023,31.1855871268194,7.66708644315961,5.08136915604446,26.9547870864342,34.7824994160138,31.6053822506147,39.3339319560732,42.2454694316444,10.1769656614809,0.250805082810986,0.741036829538762,0.759447692621602,0.751907470052017,0.818767634933371,0.864332987495073,0.107594458515567,0.345905557951642,0.599969040752809,0.644779770326855,0.643681736859357,0.691668028423321,0.771737947542618,0.0797198187862641,0.638012329006415,0.900241029266874,0.921053209217175,0.910549082683493,0.935579338490283,0.978284668954902,0.055474637863574,0.888888888888889,0.968265162200282,0.971827277514481,0.965895098335313,0.975150191152376,0.980908743795342,0.0207598966649485,0.616138279266223,0.888905147538003,0.900998184880617,0.898410050239213,0.926268221020611,0.949542320417568,0.0560786943238368,13952.7082903162,149391.304704868,0.0933970575990392
407.1842607496,934.1891850756,1747.527729524,1574.72046877867,2161.5785039456,2415.6395098096,699.896448361338,88.5917605052659,121.470434989478,161.29710652632,151.922595752051,187.747689473689,195.815821136848,37.2260675951278,9.92036200873758,14.8324942920079,20.1943720461329,18.6412142472549,22.4451896099149,23.7519132165895,4.70298788582289,7.61099991694313,12.1761837729638,17.6604548310734,15.9004935669734,20.0080361493855,20.9406110506945,4.57760106139354,12.080038068471,17.4302216646064,22.3911087333894,21.4603302588404,26.194010707932,27.9286366827897,5.20211531840588,17.7823758430925,26.2218835382115,35.2671168547983,32.5898021977209,38.967312968619,41.1367289505376,7.90060823367545,0.651949838788483,0.768679630784319,0.810639331134596,0.80254924704488,0.834709503069933,0.884159752809191,0.0506866718922577,0.618351834857071,0.677773184994321,0.721373584309527,0.732036291870041,0.777646249143012,0.880883556911967,0.0760626716501599,0.860301293882484,0.915691724848657,0.926141231570909,0.926637194267024,0.941758949566871,0.957657865665502,0.0216127251321177,0.950320512820513,0.965460595183607,0.97280701754386,0.970703310192551,0.975952667171992,0.982076176250934,0.00784942789521969,0.880872455753533,0.920826063416418,0.934836976439928,0.933506520336205,0.950910346687325,0.96421852245496,0.0205828904714458,10254.7752132635,111402.317814528,0.0920517222122477
203.2488046912,662.4469065062,1343.0900742432,1155.65713937651,1618.780598174,1675.429335968,511.934954506706,64.0167774315805,103.625137684213,146.724744926319,134.399701352986,162.096305852636,171.240838063163,34.359189219424,7.03675220208427,12.4889772481547,17.7195731370575,15.9318974389432,19.4309739598754,19.7229350166685,4.14897760615607,5.11489883405768,9.88764692695715,15.2453710112249,13.4803987714195,16.7727388643221,18.3976359221583,4.11728480081173,9.32632681717873,15.5752191128479,20.4433821288277,18.5687683309105,21.4659280406169,22.8668077688051,4.09596814919555,12.9009901509535,22.3120104511263,31.1856125150437,28.1037983050882,33.9582657314233,34.5346010817412,7.01448124893392,0.623232722648373,0.71679332687468,0.750860595554794,0.750001311092353,0.798135957269012,0.856563168161031,0.0540328518769311,0.543923457269323,0.634831394922842,0.74114076844741,0.709933715021929,0.760249187151368,0.857879146148961,0.0844981572836103,0.855433387335895,0.886650742203966,0.900697000006888,0.902428405851721,0.91981863569074,0.962433145012864,0.0269444149165238,0.943307086614173,0.961684464453361,0.969019047095272,0.966973479289373,0.972692746653665,0.977512297962052,0.00746769733420653,0.851682756555099,0.907248610970574,0.92803553521865,0.919775244056421,0.936768121179633,0.952996887602116,0.0266383826796391,10079.977601474,91674.824034872,0.109953607302695
24.032797852,878.913750016,1281.2914511952,1085.09642873069,1437.1613115496,1546.3388789344,462.521445473691,22.3490029473689,120.71792909474,143.635623578951,129.046230017229,151.92206652632,163.523086652637,36.7666113196751,2.41885218713371,14.4207170641814,17.4034313055509,15.3827447325875,18.4442144246459,18.9758164872927,4.42469406392558,1.79381653960981,10.7227034278512,14.3792072104132,12.7438313904073,15.410411013732,16.6326101081058,3.93663674388967,2.94693814737337,17.5095310527139,20.1359223300971,18.2778362342888,21.6059571635353,21.9860154651328,4.98313424003132,5.07175080716709,25.4492832045423,30.5075554166505,27.1088717888263,32.1591197699035,33.2227037863417,7.49050445615398,0.604641416389669,0.698641407838053,0.761450501440182,0.753795031292545,0.80294503402967,0.867783902673996,0.0651350561396642,0.562980940469127,0.634680489636119,0.697208432175551,0.688680249586874,0.745883406177318,0.79641800502221,0.0689802137105147,0.842349010591379,0.8807409488809,0.914318159588822,0.909161843435999,0.923553569654041,0.978717448815861,0.030453641182709,0.942622950819672,0.964699949571357,0.969244288224956,0.967749499405331,0.97311320754717,0.977900552486188,0.00817022589302019,0.837804044045566,0.892188355285737,0.908305674756467,0.910007263329389,0.938099431083826,0.952306051834842,0.0304701616589104,10646.3139764214,94802.521012468,0.112299903659959
51.49885254,696.6078120244,1364.71959231,1228.92284025675,1807.609724154,1994.722221716,645.833808839833,34.6364944842116,112.698583452635,149.352850694741,135.972359806319,169.814057263162,188.617975242111,42.8799708024345,3.6490896448164,13.0490388884163,18.0741635252109,16.3157212050502,20.6409041267853,21.6679804534997,5.28875421440359,1.70066149700937,8.62295820357354,12.5148473004455,11.8515450640047,16.057389510136,17.6993404150425,4.35576408293855,5.5658966976714,17.2396916662206,23.0994882978732,20.9613713029254,26.3046132778114,27.682787186765,6.49764717790669,7.01672110034309,22.8585091726373,31.3557921095461,28.3359347653592,35.6886932346592,37.30519714966,8.82306678385619,0.53943553777547,0.704093754230325,0.770020002964161,0.746563442889019,0.780240224123682,0.811315767255715,0.0596374626133609,0.305550316397514,0.504517437960631,0.563886538466438,0.554444870820669,0.599775677443672,0.672892964947154,0.0785404509720597,0.878558314171682,0.906724729796527,0.928423679545625,0.925554405995576,0.943488787703398,0.966570680237924,0.0239036456237211,0.903614457831325,0.964677083928953,0.967770338314145,0.964359251708234,0.970108800123025,0.977385159010601,0.0137825997702217,0.698873170140031,0.858741650783095,0.870724843785981,0.870193137557378,0.900599999942931,0.917164369642637,0.0430095570173119,10197.926985474,97332.8313006,0.104773762863005
37.0791738288,1159.7541592008,1650.7098867488,1403.55060744743,1774.6504585284,2009.8285517944,550.230649569046,25.6635801263165,139.374622231583,160.610635115794,145.702606214309,169.098140884215,179.645060884215,35.8681454920927,2.98093635540585,16.6483348993306,20.0664063422102,17.7257380220385,20.4684985172107,21.6293741179606,4.47872992088085,2.49505684143175,12.2021780759364,14.9244223753381,14.0590632509979,17.2822405112768,19.4502971924362,4.16595210128532,3.75688668059928,20.2831258849927,23.5683865577958,21.7567174820162,25.0594205152133,27.6509902928683,5.52504679548336,6.05072955312002,29.0993289251054,34.5453449740338,30.9034659852987,35.5410649626213,37.6385202037089,7.5160449830222,0.666946791132163,0.738903491334412,0.772778964039115,0.778133427422627,0.815747713929811,0.883493238868627,0.0550213237815113,0.490668171805608,0.536487473284585,0.664128852838795,0.646162219021935,0.73713293945211,0.799506071485894,0.105463628167407,0.883158010565841,0.918001356827118,0.928932017687733,0.928120989299654,0.941851602420411,0.96341021865095,0.0189930936777774,0.947368421052632,0.965178674480875,0.967881944444444,0.969177248362378,0.97509824457882,0.981586402266289,0.00808687837408679,0.837740638809709,0.855223041243171,0.913271463291463,0.902489136257158,0.941583075314031,0.955322603215791,0.0427934316842779,14206.0041058952,143939.2928493,0.0986944136287262
119.4773378928,418.3423454666,657.8120097776,647.2547450069,910.8430385908,1100.0154902544,317.698865884446,48.2969288421067,89.6092711157917,104.512671915792,102.045403710529,122.233044800003,133.289766400004,24.7392365847284,5.43048603001032,9.96942414839208,12.3715739705334,11.9236881789981,14.5746432284721,16.0750815993075,3.26588165372795,3.18150472549376,6.37336946281632,8.87286782793763,8.58297719126672,10.7626441143863,12.3372629726352,2.86608601557353,7.68908137025087,13.0127288634565,15.2086748179849,15.0912169270238,17.7997464835719,19.5536643541056,3.60688821419639,10.1612968229946,17.9530192756004,22.1517387677157,21.2669033956181,25.8377037919901,28.233263847809,5.60724713731059,0.554325333068928,0.641139771648317,0.72775015168789,0.714731969038235,0.778271700885512,0.845650070274598,0.087662715569654,0.413769158147166,0.499084427604235,0.591760735618185,0.556356384830581,0.623914718176835,0.648277950152337,0.0846420570638272,0.854165899650941,0.891616576948313,0.914078860657865,0.910788214340597,0.932540487804728,0.975234687002294,0.0321213767507972,0.892307692307692,0.937031430219146,0.959307838748579,0.94785072807389,0.966852794517379,0.979195561719834,0.0278429182127459,0.718644295983931,0.81140584786824,0.887003345078064,0.858199005768998,0.897404168742553,0.909353982713092,0.0581670818206434,4081.81614842116,27926.111104024,0.146164861022593
46.0056416024,968.178427752,1568.998374052,1404.8886972912,1963.6512473502,2140.9789629296,648.87636549227,35.5240287157903,125.266848484214,163.439803705268,145.355112805267,177.058596589478,185.989869473689,43.1013463040083,3.40318739435357,15.0602290345264,19.2587959706528,17.4312281762795,21.472427804758,22.4265707253791,5.36646095363721,1.96423599966548,11.3080476622617,15.3382566690894,14.0965400682451,17.8253556348949,18.9947253985779,4.78818193168491,4.51441714873765,18.0126861445872,23.595149384654,21.0170763973556,25.2718380880132,27.6081340660187,6.39148145740979,6.73696658370813,26.6014069958409,33.4133415820423,30.3912177815935,37.1641181854799,38.7937001570487,8.99021392880502,0.418187850280505,0.748655597965145,0.774681331226289,0.750012677436188,0.791683084985994,0.874519606407866,0.095397311798163,0.43510290142654,0.584922245079135,0.69929237753768,0.658172601518966,0.716939220434076,0.793378371243382,0.0945862193969177,0.747521421867832,0.900189542833064,0.919529781787921,0.909136990959742,0.930204414908705,0.969580850352989,0.0416662491093704,0.858974358974359,0.965499492570502,0.969625000037536,0.961056819655235,0.973229384025551,0.979930528753377,0.0270742533209393,0.746026281013055,0.892817627674116,0.924799921757242,0.902219443500056,0.93400285749424,0.946856127389894,0.0527314497066027,11628.4090244214,118186.433322464,0.0983903879449008
126.3438515648,869.3006308752,1505.1397969024,1362.3163125248,1895.157773472,2079.1803398816,596.540403882496,44.9823516631592,116.113692042109,150.666903578951,139.297780879402,167.239789473689,180.615878063163,35.9543017466991,5.5249507494958,14.4301849342043,18.9799615683188,17.4109105965686,21.0239807374476,22.1982212183378,4.48663948632523,4.54545188210149,10.6739684793951,14.3162226795562,13.5346127866684,16.8440840145292,18.86560534647,3.93330351982089,6.81257167393489,18.0143951751116,22.9289643101631,21.4468543707096,25.058786091204,28.0791801688269,5.44010280494418,10.3422865278912,25.3837491619092,32.9992009846451,30.3930386560791,36.6034229671244,38.4010243597095,7.54517478869759,0.754515402105888,0.80180795280613,0.829869591710808,0.826588645064882,0.849368773214068,0.891671906983577,0.0310746063684212,0.490484263303016,0.569454736901732,0.642190937896172,0.629500774068158,0.668669186812775,0.782709630979235,0.0724331655052162,0.938524360664715,0.948134336005159,0.954037943700401,0.953890027504679,0.95784279382246,0.975738520805401,0.00905659962307822,0.954198473282443,0.970106838048397,0.972784600066379,0.973381882602743,0.977163889488669,0.983953318745441,0.00594307675993388,0.853803238411502,0.888579284116821,0.912424808589326,0.908210764146194,0.927143352597333,0.952604716795118,0.0247066994100423,12188.5558269477,125475.237585292,0.0971391332784887
148.3166953152,1233.2258554912,2207.584145548,2023.22806276005,2860.9329214388,3130.4435830648,943.675231753272,52.2979774315805,139.03138652632,180.900223831584,169.74069637775,212.021078315796,217.19400690527,47.9053134281974,5.91748185094426,17.1946514575574,22.8686513881152,21.0750374936538,26.0073083082496,27.1796425310386,6.01766504770293,4.07215876588851,13.0832195457376,15.3779780107104,15.4361477223017,18.9173394644774,22.071712525927,4.76406297190431,7.34621133562426,21.0060984366691,26.7860061995876,25.9233351195854,32.5661421337509,34.2168682757712,7.57608468259308,11.1568189630826,29.9119044699967,39.29789076719,36.2434687399464,44.3280675127069,46.0353549595308,9.91746920082788,0.603581019562328,0.783489123091447,0.824045528891119,0.810646913250658,0.851004084803236,0.883028475263848,0.0583553255097354,0.398904746470088,0.503220073385441,0.582323019169412,0.600420150553987,0.708140641969935,0.785507768131296,0.113965965091406,0.889174366616802,0.944102837939854,0.95206143305735,0.948155050864244,0.956548652433268,0.968146962748148,0.0153936710164996,0.914191419141914,0.967588669461829,0.97286012526096,0.970225842793146,0.977836001604832,0.985079928952043,0.013412369332982,0.743030519704222,0.87074250524032,0.91048490589435,0.900837265157873,0.939267575176668,0.959790796080555,0.0488959950468264,14852.3109330531,184510.088880312,0.0804959285596978
9.6131191408,1172.2855466522,1985.4524282588,1720.77284946631,2325.6881807064,2409.4596475048,714.718001078074,26.1489887157903,132.005158484214,178.899699536847,159.80004855038,190.162535915794,198.963832421058,44.4000505405374,1.76093343543899,16.520946529403,21.4934580873287,19.282521314963,23.2610977260632,23.6729385315489,5.44721380272085,0.707106781186548,14.2770997847114,17.9263060889842,16.7357922827565,20.7621571575959,21.1362068083746,5.05584583856907,2.91547594742265,18.7832449575814,24.0644720371367,21.6830695490846,25.6808425043908,26.3855003845726,5.74265972204248,3.7243917288599,29.1524601155297,37.374583545052,33.6364405097383,40.2521961672238,40.9159055640346,9.16310052930794,0.176670644563461,0.761864088838019,0.782671988247936,0.770343885383736,0.819958755392338,0.889203577592407,0.124372062197796,0.242535625036333,0.741364908804558,0.778040073511815,0.748845140600018,0.795695354605999,0.826880578493852,0.110128663104497,0.589929487356962,0.901652423795802,0.913402141586167,0.907377596533061,0.931618327686447,0.967504518463651,0.0659500203318796,0.736842105263158,0.967327315906754,0.97029324289195,0.962839738264244,0.974642817249028,0.982988505747126,0.0445804543955704,0.507649758679552,0.935010584134937,0.93860953555453,0.921768502352199,0.946378988804987,0.953760290116539,0.0827566936544907,11186.0033985266,126034.85844956,0.088753250776279
120.16398926,1383.9458305916,2173.9382285552,1906.58288927624,2528.2503340304,2847.5432197784,800.569419999832,53.670920252633,146.163197936846,179.24293524211,164.116692636262,192.761196715795,207.81896690527,40.8770868993017,5.55658649735075,18.1721137912063,22.6830370716497,20.6161933336092,24.4917148270568,25.9639027847275,5.31981227162273,3.22755213256799,14.4160238089955,18.419401764544,16.6259973797628,20.3014586880223,21.6557676023624,4.84397279520157,8.30732732971553,22.5042443166755,27.4240099236283,25.1951052238294,29.3110878765431,32.028896124102,6.27404131207324,10.274456342065,31.6306469534821,39.1200952651351,35.6301829856114,42.0557180147473,44.4520677598354,8.85227470738694,0.524210985780512,0.825818109663228,0.83751852065822,0.825736662407965,0.850594941537943,0.871160216447768,0.0580142079316913,0.388518714198603,0.639666585187151,0.658793664693003,0.64859097253102,0.680527251838881,0.751271991030304,0.0680130751137337,0.857848441132177,0.946356183003448,0.952921312218567,0.949258436172154,0.959542849986377,0.967346848285756,0.0189822792120981,0.925925925925926,0.976133520015573,0.979942688405304,0.977053531110384,0.982903309738172,0.985696122059758,0.0104158819864329,0.712336150986458,0.915834775151856,0.920891798289495,0.914906439423385,0.931178011794397,0.948829420213092,0.0393868580727633,14770.5023372636,179085.543079432,0.0824773573750297
320.6661884824,1205.7598008032,1522.9927324496,1347.03085600278,1557.3253008096,1742.7211699536,384.622468245406,79.3345003789494,146.665854989478,157.296057936846,149.911118539135,166.2100823579,177.987772294742,25.2927509124598,8.81915250604832,16.9083732467606,19.0458003173393,17.6526320812784,19.2779096112061,20.5028620335474,3.01813524358025,1.55321485008045,12.1608285959104,14.1645040186202,12.8342963919779,14.9382729863104,15.4940008027007,3.42937289311879,11.594270457343,22.1513946948968,24.0902706231225,22.6260788113945,24.5911616988048,26.3726272914695,3.80315411041487,15.929532322074,29.5867615056092,33.0254695746329,30.781570987666,33.4191913335787,35.3242237175851,4.98420619520671,0.520483716315451,0.704506461190451,0.746641739433131,0.734856335025168,0.77750182399041,0.815608950658639,0.0649782876139498,0.0711437815367824,0.567766275220275,0.592595832616458,0.56659910000237,0.616334530266768,0.661181919493741,0.116840269600724,0.806939300800582,0.905446191759989,0.920785551125131,0.917185684661418,0.940694861977791,0.950162765783399,0.0323552497852059,0.890160183066362,0.953338227160993,0.960034752389227,0.956709130182865,0.965821117028287,0.97442203639941,0.0163401665224029,0.799328709005805,0.858849719332716,0.875660127092231,0.871337672524431,0.890235336401738,0.909171247531543,0.0254430358667062,8619.88931600024,81684.046642112,0.105527207213021
168.229584964,1243.5256259992,1641.7834189752,1486.51697951925,1858.7652510104,2027.6814873416,512.548300484484,54.3573916631592,136.31999781053,153.579355115794,145.226324230945,166.671097936846,171.240838063163,30.1902390116493,6.3754257289827,17.1132785078235,19.6093138499018,18.3124813840093,20.8724492502367,21.7358662133805,3.89420228548604,4.96562807668111,13.4422165432479,16.0272272676496,15.1410690507998,18.1161442327375,18.932206162928,3.70574792391889,8.35838443726132,21.0739902305214,23.292597734297,21.974696438619,24.8133180466839,26.1572903795481,4.36668087111477,11.8282798041389,30.018776676024,34.223672591132,32.0054396891346,36.3014989790367,37.8691724064575,6.59255730491682,0.715475916420721,0.828012068634268,0.851583799544587,0.843398818628499,0.859836571467187,0.889700929853821,0.0335525558997918,0.519300374659859,0.633851094299599,0.692155486212553,0.682427585314075,0.735093098541943,0.791374536813938,0.0706350618198003,0.915014554086082,0.951796492887531,0.95592413424418,0.955966155752564,0.961203385105352,0.972789579591089,0.0102085394123279,0.95,0.976202280614774,0.978790259230165,0.978064651289842,0.981903485254692,0.986612576064909,0.00643822112147949,0.854553024687091,0.909564387743222,0.930869522675386,0.922594095677176,0.940102096611169,0.955818670540482,0.0255283984382112,11981.171749053,128764.29763418,0.0930473117873989
181.962612308,1152.2009941616,1896.5310762064,1649.44062210034,2225.4370810952,2437.61235356,703.728802321539,52.9844488421067,133.289766400004,169.985675115794,153.890342213721,183.812675368427,193.187715368427,38.8802180474898,6.68331634305746,16.6886929628715,21.3529345719472,19.2441196762176,23.0372260170593,24.0434116407537,4.98575944078468,4.77515485393162,12.1285075110025,16.0518497241484,15.0224815615856,19.0926902963911,19.8695261968614,4.59632826222167,8.69760068784381,21.8727744747587,26.4154847018042,24.0359110527571,27.794212422195,29.3360388922796,5.74639587305829,12.2207079633301,29.0087540666606,36.7110763258175,33.2538003951366,39.6643140934014,41.3728757007535,8.39180949507754,0.638345296108075,0.806233106184475,0.822880812695622,0.814114485792922,0.828091191730975,0.867287171036844,0.0399815141808953,0.4944256413824,0.575589997554982,0.605241684608035,0.613343074349576,0.669267917988533,0.720054575984568,0.0655135134273626,0.873384199262313,0.947774948312195,0.955340968367278,0.952478790108014,0.957752758860763,0.973737890687805,0.0161029053266791,0.954907161803713,0.973086627417998,0.975773195876289,0.976007040967091,0.980094466936572,0.98355629877369,0.00544713365116865,0.836844952782723,0.879604421628793,0.901115881356905,0.89694074302047,0.914358695365269,0.946052602498814,0.0289841661671906,12695.953232632,142528.224289704,0.0890767656434564
214.9218779336,1419.3083760024,2079.1803398816,1810.51238675171,2379.9336387152,2587.9890029768,719.629372838909,64.5854689684232,150.833469473689,176.89917524211,165.241303369702,193.589841010532,207.250275368427,39.1159994428347,7.62443032754303,18.6161065193794,22.3675409964151,20.4788284456166,24.0587695349228,25.1001882709817,4.87160559486964,4.27943690769167,11.7675522939053,14.9534179583411,14.1773171225279,17.1156871191936,18.9259041820561,3.80336009635325,11.408681987476,24.1424559007806,28.5700869779418,26.5822006923632,31.2992496264231,32.9919125747193,6.11032433396729,13.2722395905891,32.0097946435931,38.2413439960601,34.9273787698316,40.915285002979,42.5878457940173,8.11200310591636,0.647471796934065,0.764293782349767,0.798012299822496,0.783454900189333,0.810665871911196,0.842493327965732,0.0440472308843055,0.375103531888213,0.451409580346026,0.545675826530087,0.531247632098142,0.588026428110577,0.647851340101498,0.0759981322640064,0.927674284996323,0.948042801380125,0.953329983394001,0.952388076051459,0.958202965291008,0.965646993667383,0.0088721475098665,0.945619335347432,0.965924704589173,0.977720374556022,0.972756142082878,0.980693286529179,0.986437613019892,0.0105440428712174,0.725040188771557,0.852969352878592,0.872693013958076,0.863386075999925,0.887325175521377,0.909076184344288,0.0400455791498658,13632.4075280004,156209.752781164,0.0872698873488278
55.6187607432,911.529689958,1353.3898447512,1213.09146540137,1646.5899785456,1740.661215852,519.423065183679,36.9802544842116,123.630380631582,156.325240757899,139.642173691005,166.126799410531,172.045089347373,36.0869747877766,4.01628779472292,14.8814263904491,18.3669034677584,16.6474654707103,19.9165916504763,20.5161113340363,4.46923154263714,1.61987653850534,10.0695443706474,12.7420878714636,11.7390309820547,14.7716127753258,15.225338719579,3.61039773699443,6.20193518186059,19.9870385799463,24.9567501874836,22.2480863924451,26.3446469566626,27.0418666520848,5.61815018842937,7.2983302884975,25.8991077804418,31.2071268402748,28.6042698003953,34.1434377512451,34.9852089282028,7.43168597632696,0.511082936058584,0.696126252922341,0.742225271288748,0.719419081904311,0.763145114433443,0.798670222561531,0.0650531465060746,0.261188885566419,0.475945588433406,0.532159366524686,0.516076800876367,0.56180892919233,0.585168600807741,0.066308636024381,0.870777655755635,0.910338499115728,0.931798370323535,0.925434610448276,0.94239448239702,0.955267431412863,0.0221517702934998,0.931034482758621,0.958328541937038,0.969708737864078,0.964241305051275,0.972942586568723,0.980662983425414,0.013909320911485,0.650828570646787,0.81241181200313,0.859277020527035,0.838235695246057,0.868653189334251,0.880813029979237,0.0472314339189829,10822.2684610529,99447.717511576,0.108823698842492
6.1798623048,1027.5737710148,1641.7834189752,1423.89913085739,1860.1385537448,1998.155478552,553.312992262924,11.3166743578951,132.318949221056,158.669000757899,148.256418160606,175.685653768426,184.499146778953,37.6273664050733,1.3005843045481,15.6676178337259,19.7461305786366,17.7837030180688,20.9076999630787,21.6403024729185,4.51914510134385,0.903507902905226,12.0488113855491,15.5439270366846,14.3694985024061,17.3727510964089,18.618617652926,4.10815182185917,1.72022779697034,19.4668177509099,23.1173134978721,21.3497212710091,24.7158845626641,26.1603400589518,5.17691877712813,2.99250365496853,27.5287082306313,34.2363681813653,31.0809160242251,36.3443903263371,37.5972437071523,7.64893757559576,0.606388595009228,0.71801015336747,0.761519205080904,0.760454660681876,0.805350948501153,0.860838420570758,0.0588560132517932,0.469821082761524,0.595950062629039,0.703677621559566,0.66571241462256,0.724473836056314,0.758312165986,0.0844356668058257,0.853553390593274,0.896079010325679,0.90653388883085,0.913241253652257,0.930082361342072,0.957006489114679,0.0242914603325323,0.949074074074074,0.963499582350889,0.969899665551839,0.968815986012636,0.973662342070155,1,0.00930050223201854,0.832318678134811,0.888481457238248,0.928583165058835,0.91037540904391,0.933071203330359,0.939922134044717,0.0343854943775727,12972.436589053,131030.24714594,0.0990033741950013
29.5260087896,1009.8924983094,1516.8128701448,1352.50123709953,1892.4111680032,2026.3081846072,616.347806022139,38.1521344842116,131.30143861053,158.894456589478,144.539956138704,178.414290947374,185.989869473689,40.6075519962612,3.28896432861575,15.5792521761555,19.0846339378878,17.3297140775441,21.4462249719131,22.2280127389949,5.12141096963184,1.01872821859652,11.8265277994531,14.3212333371069,12.6644872768356,15.4137386393603,16.5456416956533,4.188181620291,5.78179137734931,18.9838714653726,23.9314189295365,22.3637510516209,28.2645618199337,30.1025586199434,6.73705016023047,5.79466349324963,27.2916661144009,33.0757058507088,30.054758739998,36.7458178920169,37.9187041577109,8.61945842307951,0.254904162927029,0.731528703600449,0.751472609853257,0.732520771440193,0.782513179011542,0.858636785224174,0.109286758351921,0.176195948990392,0.507935778871426,0.546446305363535,0.561778723416724,0.666626517547522,0.714706572587843,0.128934049498128,0.758163658081307,0.914905184384225,0.923678988249282,0.917808070704405,0.931780359253974,0.961368157113185,0.0356791954903314,0.781818181818182,0.964392032691943,0.969104521534937,0.95701048787932,0.971813681695752,0.976929196499602,0.0378712071346281,0.443456476548452,0.863144477879802,0.874098934641089,0.863302039367762,0.921372080361523,0.934756938516981,0.0951291898306293,12285.8962717898,121022.303469,0.101517620468502
98.8777968768,985.0013862484,1290.904570336,1182.44798688676,1590.9712178024,1692.595620148,478.268455940427,44.9823516631592,129.774126400004,148.40642652632,136.60089388632,159.137160884215,167.524135242111,34.1701186920573,4.93267490659928,15.4791060306613,17.5191652084231,16.2780775595062,19.4054888248562,19.9664623379752,4.14421413205408,3.53679076125361,11.5763106487066,14.3236330061286,12.951266743954,15.9161139766902,16.7571692751849,3.71111129846566,6.45824193483713,20.154643838881,21.6532641066358,19.8906098019147,22.2956647422127,23.2054419515116,4.49878326764226,9.29969757572793,26.9515757659688,30.5903417784578,28.4602948584228,33.7693635881791,34.7157823889222,7.019650180809,0.614079122266411,0.729539915721792,0.739533059405281,0.744054315800344,0.766316252884519,0.822076984988614,0.046530238612162,0.547639868084751,0.573530708214528,0.660155797683261,0.640777092161103,0.697600803692194,0.722240947605798,0.0659628627045818,0.862012496445425,0.892899508552329,0.909587134355783,0.909638991858005,0.926281921648925,0.948805723611629,0.0227704587797856,0.947368421052632,0.966465759396166,0.968251206982458,0.967789405760731,0.971414049298521,0.975359342915811,0.00638661759963142,0.826413130310898,0.873012841017224,0.908760476294279,0.898518146234692,0.925932013712196,0.930215878122644,0.0304662504374197,6830.04469431599,62474.974644692,0.109324489256056
207.3687128944,845.6111587068,1321.80388186,1127.04920889639,1474.2404853784,1632.1702998344,466.670188664487,59.3292574315805,115.971519157898,149.980432168425,134.177081419107,155.982005052636,165.582500884215,32.5694804741448,6.9809401248275,14.1673287529966,17.6470853743971,15.8432640098102,18.5888403951274,19.5988105830939,3.91210584851399,5.65910860507924,11.5508463693151,13.9548563779397,12.9419847443902,15.9759623564389,16.8540593834347,3.61623452471808,8.88962936258209,17.6177079461504,21.5865455811403,19.4631499129738,22.5033628413552,24.1377599535781,4.65916837510784,13.0074347730442,25.0588567898652,30.9895080531299,27.9510236478288,32.6668825133252,34.292685535694,6.62619382034697,0.592800378900066,0.71722404807,0.740620994428079,0.73987857875438,0.767910336991244,0.8512976772179,0.0518995177310312,0.567380819699296,0.62432794366826,0.6490590907257,0.658085113275574,0.691741702019572,0.737750128209898,0.0502189113722403,0.829396596163413,0.893412280934968,0.904399736632454,0.902727992185995,0.913562790245357,0.962235497833788,0.0265744211971145,0.925925925925926,0.963319584763073,0.968068121341139,0.965432750047546,0.970267444772211,0.978867924528302,0.0102552807955513,0.855644201792099,0.893343056878276,0.913014044229114,0.906674191266943,0.919095747618331,0.932958320566398,0.0196925719500443,9056.95299578972,80588.837711428,0.112384708019004
